,mean_squared_error,absolute_error
causal_forest_0,0.22832714196653467,0.43231981759383503
causal_forest_1,0.002046233968562631,0.03407072230522835
