,mean_squared_error,absolute_error
causal_forest_0,0.21540062132897522,0.4111293512970412
causal_forest_1,0.0015955596673642508,0.0323788530568627
