,mean_squared_error,absolute_error
causal_forest_0,0.0012119192217584815,0.026914066367162637
causal_forest_1,0.0012698516730402143,0.027606251692978683
