,mean_squared_error,absolute_error
causal_forest_0,0.03908641287101196,0.15011827230387348
causal_forest_1,0.0023846342615798577,0.03728229602997509
