,mean_squared_error,absolute_error
causal_forest_0,0.16729563154490243,0.34105997919792963
causal_forest_1,0.004653770894151448,0.049705341599410015
