,mean_squared_error,absolute_error
causal_forest_0,0.0022934440875833234,0.039883993951359685
causal_forest_1,0.0008172902936416096,0.023561596116490616
