,mean_squared_error,absolute_error
causal_forest_0,0.00421935450037305,0.05148693789329077
causal_forest_1,0.0010728785528390998,0.025292270547133396
