,mean_squared_error,absolute_error
causal_forest_0,0.020651520532814657,0.1089165282013549
causal_forest_1,0.0017428793853148492,0.03255029472559463
