,mean_squared_error,absolute_error
causal_forest_0,0.2757288096111581,0.46669644727311643
causal_forest_1,0.0033126396739362025,0.04494507994123067
