,mean_squared_error,absolute_error
causal_forest_0,0.17957989004258634,0.3637655065766014
causal_forest_1,0.002845192907984174,0.0420539308551478
