,mean_squared_error,absolute_error
causal_forest_0,0.1078750412080962,0.27527332240332403
causal_forest_1,0.002587560019819476,0.038986645343284256
