,mean_squared_error,absolute_error
causal_forest_0,0.181393520347883,0.3241986512933941
causal_forest_1,0.006432765471318761,0.059081339275708675
