,mean_squared_error,absolute_error
causal_forest_0,0.17061457613603617,0.3410775236174431
causal_forest_1,0.005983565849293625,0.058373388347407316
