,mean_squared_error,absolute_error
causal_forest_0,0.21424320460937177,0.39709457335822634
causal_forest_1,0.0032547653862762087,0.045498973502449136
