,mean_squared_error,absolute_error
causal_forest_0,0.16996520217975694,0.333405259371663
causal_forest_1,0.0031975337780851833,0.04897269955108983
