,mean_squared_error,absolute_error
causal_forest_0,0.07730258329436945,0.2006738416380254
causal_forest_1,0.009248008440670216,0.08284667102667875
